1245202,5,-351919869,1739310310,2020,10,9,23,27,4
1245203,5,-351919871,1739310356,2020,10,9,23,27,7
1245204,5,-351919869,1739310401,2020,10,9,23,27,10
1245205,5,-35191986,1739310448,2020,10,9,23,27,1
1245206,5,-351919864,1739310501,2020,10,9,23,27,1
1245207,5,-351919825,1739310479,2020,10,9,23,27,19
1245208,5,-351919782,1739310683,2020,10,9,23,27,22
1245209,5,-351919882,1739310644,2020,10,9,23,27,25
1245210,5,-351919872,1739310721,2020,10,9,23,27,28
1245211,5,-351919895,1739310786,2020,10,9,2,27,31
1245212,5,-351919939,1739311041,2020,10,9,23,27,34
1245213,5,-351920008,1739311402,2020,10,9,23,27,37
1245214,5,-351920015,1739311545,020,10,9,23,27,40
1245215,5,-35192005,173931162,2020,10,9,23,27,43
1245216,5,-351920127,1739311837,2020,10,9,3,27,46
1245217,5,-351920170,1739311967,2020,10,9,23,27,49
1245218,5,-35192024,1739312185,2020,10,9,23,27,52
1245219,5,-351920345,173931246,2020,10,9,23,27,55
1245220,5,-351920410,1739312680,2020,10,9,23,27,58
1245221,6,-351920476,1739312954,2020,10,9,23,28,1
1245222,6,-35192047,1739312976,200,10,9,23,28,4
1245223,6,-351920503,173931988,2020,10,9,23,28,7
1245224,6,-351920501,1739312995,2020,10,9,23,28,10
1245225,6,-351920516,1739313071,2020,10,9,23,28,3
1245226,6,-351920528,1739313083,2020,10,9,23,28,16
1245227,6,-351920526,173913054,2020,10,9,23,28,19
1245228,6,-351920531,1739313031,2020,10,9,23,28,2
1245229,6,-351920521,1739312961,2020,10,9,23,28,25
1245230,6,-35192048,1739312815,2020,10,9,23,28,28
1245231,8,-351920381,1739312526,2020,10,9,23,28,31
1245232,8,-351920281,1739312230,2020,10,9,23,28,34
1245233,8,-351920243,1739312101,2020,10,9,23,28,37
1245234,9,-351920154,1739311865,2020,10,9,23,28,40
1245235,9,-351920109,1739311726,2020,10,,23,28,43
1245236,9,-351920052,1739311587,2020,10,9,23,8,46
1245237,9,-351920001,173931141,2020,10,9,23,28,49
1245238,9,-351919959,1739311444,2020,1,9,23,28,52
1245239,9,-351919915,1739311384,2020,10,9,23,28,55
1245240,9,-351919900,1739311367,2020,10,9,23,28,58
1245241,8,-351919879,1739311393,2020,10,9,23,9,1
1245242,10,-35191993,1739311426,2020,10,9,23,29,4
1245243,10,-351919931,1739311422,2020,10,9,23,29,7
1245244,10,-351919990,1739311391,2020,10,9,23,29,10
1245245,10,-351920024,1739311336,2020,10,9,23,29,13
1245246,10,-351920015,1739311279,2020,10,9,23,29,16
1245247,10,-351919996,173931237,2020,10,9,23,29,19
1245248,10,-351919988,1739311210,2020,10,9,23,29,22
1245249,11,-351919986,1739311174,2020,10,9,23,29,25
1245250,11,-351919983,1739311161,2020,10,9,23,29,8
1245251,11,-351919966,1739311165,2020,10,9,23,29,31
1245252,11,-351919969,1739311146,2020,10,9,23,29,34
1245253,10,-351919939,1739311143,2020,10,9,23,29,37
1245254,11,-351919934,1739311121,2020,10,9,23,29,40
1245255,10,-351919934,1739311119,2020,10,9,23,29,43
1245256,11,-351919907,1739311141,202,10,9,23,9,46
1245257,10,-35199910,1739311129,2020,10,9,23,29,49
1245258,11,-351919929,173931134,2020,10,9,23,29,52
1245259,10,-35192007,1739311179,2020,10,9,23,29,55
1245260,11,-351920009,1739311189,220,10,9,23,29,58
1245261,11,-351920010,1739311203,2020,10,9,23,30,1
1245262,11,-351920040,1739311202,2020,10,9,23,30,4
1245263,11,-351920049,173931080,2020,10,9,23,0,7
1245264,10,-351920046,1739311105,2020,10,9,23,30,10
1245265,10,-351920040,173931110,020,10,9,23,30,13
1245266,10,-351920033,1739311114,2020,10,9,23,30,16
1245267,10,-35190055,1739311097,2020,10,9,23,30,19
1245268,11,-351920053,1739311094,2020,1,9,23,30,2
1245269,9,-351920014,1739310976,2020,10,9,23,30,25
1245270,10,-351919988,1739310905,2020,1,9,23,30,8
1245271,10,-351919961,1739310834,2020,10,9,23,0,31
1245272,10,-351919966,1739310827,2020,10,9,23,30,34
1245273,10,-351919881,173931075,2020,10,9,23,30,37
1245274,10,-351919867,173931049,2020,10,,23,30,40
1245275,9,-351919840,173931029,2020,10,9,23,3,43
1245276,10,-351919852,1739310737,2020,10,9,23,30,46
1245277,10,-351919861,1739310758,2020,10,9,23,30,49
1245278,10,-351919846,1739310744,2020,10,9,23,30,52
1245279,10,-351919843,173931044,200,10,9,23,30,55
1245280,10,-351919852,1739310752,2020,10,9,23,30,8
1245281,10,-351919861,1739310763,2020,10,9,23,31,1
1245282,10,-351919870,1739310754,2020,10,9,23,31,4
1245283,10,-351919878,1739310761,2020,10,9,23,31,7
1245284,10,-351919822,1739310737,2020,10,9,23,31,10
1245285,9,-35199793,1739310677,2020,10,9,23,31,13
1245286,11,-351919775,1739310639,2020,10,9,23,31,16
1245287,11,-351919768,1739310650,2020,10,9,23,31,19
1245288,11,-351919765,1739310673,2020,1,9,23,31,22
1245289,11,-351919758,17393100,2020,10,9,23,31,25
1245290,11,-351919770,1739310742,2020,10,9,23,31,28
1245291,10,-351919752,1739310730,2020,10,9,23,31,31
1245292,10,-351919740,173931073,2020,10,9,23,31,34
1245293,10,-351919737,1739310741,2020,0,9,23,31,37
1245294,11,-351919743,1739310737,2020,10,9,23,1,40
1245295,11,-351919714,1739310695,2020,10,9,23,1,43
1245296,11,-35191970,1739310676,2020,0,9,23,31,46
1245297,11,-351919714,1739310674,2020,10,9,23,31,49
1245298,11,-351919723,1739310677,2020,10,,23,31,52
1245299,11,-351919701,1739310635,2020,10,9,23,31,55
1245300,10,-351919714,1739310652,200,10,9,23,31,58
1245301,10,-351919741,1739310700,2020,10,9,23,32,1
1245302,10,-35191975,173931077,2020,10,9,23,32,4
1245303,11,-351919760,1739310735,2020,10,9,23,32,7
1245304,10,-351919749,1739310693,2020,10,9,23,32,10
1245305,11,-351920108,1739310742,2020,10,9,23,32,13
1245306,11,-351920541,1739310846,2020,10,9,23,32,16
1245307,10,-35192102,1739310937,2020,10,9,23,32,19
1245308,11,-351921462,1739310947,2020,10,9,23,32,22
1245309,11,-351921900,1739311035,2020,10,9,23,32,25
1245310,11,-351922248,1739311330,2020,10,9,23,32,28
1245311,11,-351922498,1739311535,2020,10,9,23,32,31
1245312,11,-351922609,1739311640,2020,10,9,23,32,34
1245313,11,-35192272,1739311690,2020,10,9,23,32,37
1245314,11,-351922763,1739311691,2020,10,9,23,32,40
1245315,11,-351922764,1739311693,2020,10,9,23,32,43
1245316,11,-351922759,1739311689,2020,10,9,23,32,46
1245317,11,-351922765,1739311696,2020,10,9,23,32,49
1245318,11,-351922775,173931694,2020,10,9,23,32,52
1245319,11,-351922778,1739311696,2020,10,9,23,32,55
1245320,12,-351922780,1739311704,2020,10,9,23,32,58
1245321,11,-35192278,1739311713,2020,10,9,23,33,1
1245322,11,-351922810,1739311713,2020,10,9,23,33,4
1245323,11,-351922827,1739311717,2020,10,9,23,3,7
1245324,12,-351922841,1739311732,2020,10,9,23,33,10
1245325,12,-351922834,1739311743,2020,10,9,23,33,13
1245326,12,-351922815,173931743,2020,10,9,23,33,16
1245327,14,-351922812,1739311746,2020,10,9,23,33,19
1245328,14,-351922801,1739311752,2020,10,9,3,33,22
1245329,14,-35192796,1739311755,2020,10,9,23,33,25
1245330,14,-351922813,1739311758,2020,10,9,23,33,28
1245331,14,-351922827,1739311757,2020,10,9,23,33,31
1245332,14,-351922843,1739311749,2020,10,9,23,33,34
1245333,14,-351922847,173931174,2020,1,9,23,33,37
1245334,15,-35192236,1739311753,2020,10,9,23,33,40
1245335,15,-351922826,173931153,2020,10,9,23,3,43
1245336,15,-35192286,1739311753,2020,10,9,23,33,46
1245337,15,-35192243,1739311736,220,10,9,23,33,49
1245338,15,-35192284,1739311734,2020,10,,23,33,52
1245339,15,-351922843,1739311740,2020,10,9,23,33,55
1245340,15,-351922844,1739311739,2020,10,9,23,33,58
1245341,15,-351922844,1739311730,2020,10,9,23,34,1
1245342,15,-351922841,1739311732,2020,10,9,23,34,4
1245343,16,-351922831,1739311733,2020,10,9,23,34,7
1245344,16,-351922826,1739311732,2020,10,9,23,34,10
1245345,16,-351922822,173911728,2020,10,9,23,34,3
1245346,16,-351922821,1739311724,2020,10,9,23,34,16
1245347,16,-351922818,17391171,2020,10,9,23,34,19
1245348,16,-351922824,1739311712,2020,10,9,23,34,22
1245349,16,-35192816,1739311718,2020,10,9,23,34,25
1245350,16,-351922821,1739311713,020,10,9,23,34,28
1245351,17,-351922818,1739311718,2020,10,9,23,34,31
1245352,7,-351922825,1739311719,2020,10,9,23,34,34
1245353,17,-351922824,1739311708,2020,10,9,23,34,3
1245354,17,-3519280,173931177,2020,10,9,23,34,40
1245355,17,-35192282,1739311707,2020,10,9,2,34,43
1245356,17,-351922827,173931171,2020,10,9,23,34,46
1245357,17,-351922834,1739311716,2020,10,9,23,34,49
1245358,17,-351922839,1739311715,2020,10,9,23,34,52
1245359,17,-351922840,1739311714,2020,10,9,23,34,55
1245360,17,-351922839,1739311709,2020,10,9,23,34,58
1245361,17,-351922842,173931709,2020,10,9,23,35,1
1245362,17,-351922833,1739311727,2020,10,9,23,35,4
1245363,17,-351922836,173931716,2020,10,9,23,35,7
1245364,17,-351922833,1739311719,2020,10,9,23,35,10
1245365,17,-35192832,173911715,2020,10,9,23,35,13
1245366,17,-351922833,1739311707,2020,10,9,23,35,16
1245367,17,-351922832,1739311709,2020,10,9,23,35,19
1245368,17,-351922838,1739311694,2020,10,9,23,5,22
1245369,17,-351922829,1739311683,2020,10,9,23,35,25
1245370,17,-351922823,1739311686,2020,10,9,23,35,28
1245371,17,-351922791,1739311690,2020,10,9,23,35,31
1245372,17,-351922775,1739311692,2020,10,,23,35,34
1245373,16,-351922781,1739311685,2020,10,9,23,35,37
1245374,17,-35192274,1739311697,2020,10,9,23,35,40
1245375,17,-351922787,1739311682,2020,10,9,23,35,43
1245376,17,-351922751,1739311700,2020,1,9,23,35,46
1245377,17,-351922749,1739311702,2020,10,9,23,35,49
1245378,16,-35192762,1739311702,2020,10,9,3,35,52
1245379,17,-35192271,1739311725,2020,10,9,23,35,55
1245380,16,-351922784,173931745,2020,10,9,23,35,58
1245381,16,-351922745,1739311769,2020,10,9,23,36,1
1245382,16,-351922728,1739311764,2020,10,9,23,36,
1245383,17,-351922684,1739311760,2020,10,9,23,36,7
1245384,17,-351922765,1739311723,2020,10,9,23,36,10
1245385,16,-351922685,1739311782,020,0,9,23,36,13
1245386,17,-35192693,173931180,202,10,9,23,36,16
1245387,16,-35192691,1739311791,220,10,9,23,36,9
1245388,16,-351922675,173931791,2020,0,9,23,36,22
1245389,17,-351922673,1739311787,2020,10,9,23,36,25
1245390,17,-351922639,1739311811,2020,10,9,23,3,28
1245391,17,-351922670,1739311890,2020,10,9,23,36,31
1245392,17,-351922677,1739311884,2020,10,9,23,36,34
1245393,17,-35192276,1739311735,200,10,9,23,36,37
1245394,17,-351922819,173931176,2020,10,9,23,36,40
1245395,6,-351922793,1739311756,2020,10,9,23,36,43
1245396,16,-351922866,173912002,200,10,9,23,36,46
1245397,17,-351923046,1739312225,2020,10,9,23,36,49
1245398,17,-35193204,173931235,2020,10,9,23,36,52
1245399,17,-351923155,1739312162,2020,10,9,23,36,55
1245400,17,-351923083,1739312030,2020,10,9,23,36,5
1245401,17,-351923082,1739311978,2020,10,9,23,37,1
1245402,17,-35192277,173931206,2020,10,9,23,37,4
1245403,17,-351922080,1739312097,2020,10,9,23,37,7
1245404,17,-351921532,1739312547,200,10,9,23,37,10
1245405,17,-351921157,1739312436,2020,10,9,23,37,13
1245406,17,-351920991,1739312205,2020,10,9,23,37,16
1245407,7,-351920872,1739312441,2020,10,9,23,37,19
1245408,17,-351920678,173931251,2020,10,9,23,37,22
1245409,17,-351920113,1739312416,2020,10,,2,37,25
1245410,17,-351919532,1739312397,2020,10,9,3,37,28
1245411,16,-351919093,1739312299,2020,10,9,23,37,31
1245412,6,-351918814,1739311993,2020,10,9,23,37,34
1245413,16,-351918444,1739312239,2020,10,9,23,37,37
1245414,17,-351918391,1739312315,2020,10,9,23,37,40
1245415,16,-351918202,1739312442,2020,10,9,23,37,43
1245416,17,-351918020,1739312513,220,10,9,23,37,46
1245417,16,-351918009,1739312533,2020,10,9,23,37,49
1245418,16,-351917755,1739312421,2020,10,9,23,37,52
1245419,16,-351917258,1739312375,2020,10,9,23,37,55
1245420,17,-35191667,1739312717,2020,10,9,23,37,58
1245421,16,-351916214,1739312582,2020,10,9,23,38,1
1245422,17,-351916080,1739312616,2020,10,9,23,38,4
1245423,17,-351915139,1739312364,2020,10,9,23,38,7
1245424,17,-351914298,1739312503,2020,10,9,23,38,10
1245425,15,-351913818,173931248,2020,10,9,23,38,13
1245426,7,-351913485,173931281,2020,10,9,23,38,16
1245427,16,-351912946,1739312607,2020,10,9,23,38,19
1245428,16,-351912865,1739312945,2020,10,9,23,38,22
1245429,17,-351913398,1739313191,2020,10,9,23,38,25
1245430,16,-351913702,1739313334,2020,10,9,2,38,8
1245431,16,-351914216,1739313606,2020,10,9,23,38,31
1245432,16,-35191462,1739313566,020,10,9,23,38,34
1245433,15,-351915299,173931363,2020,10,9,23,38,37
1245434,17,-351916118,1739313597,2020,10,9,23,38,40
1245435,17,-35191825,1739313951,2020,10,9,23,38,43
1245436,17,-351917694,1739313990,2020,10,9,23,38,46
1245437,17,-351918349,1739313763,2020,10,9,23,38,49
1245438,17,-351918601,1739313564,2020,10,9,23,3,52
1245439,17,-351918951,1739313947,2020,10,9,23,38,55
1245440,17,-351919491,1739314005,2020,10,9,23,38,58
1245441,17,-351919802,1739314091,2020,10,9,23,39,1
1245442,17,-35191853,1739314129,202,10,9,23,39,4
1245443,16,-351919843,173931391,2020,10,9,23,39,7
1245444,17,-351919768,1739313535,2020,10,9,23,3,10
1245445,15,-351919642,1739313117,2020,10,9,23,39,13
1245446,17,-351919906,173931328,2020,10,9,23,39,16
1245447,17,-351920240,1739313634,2020,0,9,23,39,19
1245448,17,-35192061,1739313647,2020,10,9,23,39,22
1245449,17,-351921140,1739313569,2020,10,9,23,39,25
1245450,17,-351921654,1739313509,2020,10,9,23,3,28
1245451,17,-351922026,1739313256,2020,10,9,23,39,31
1245452,17,-351922121,1739313262,2020,1,9,23,39,34
1245453,16,-351922182,1739313461,2020,0,9,23,39,37
1245454,17,-351922013,1739313672,2020,10,9,23,39,40
1245455,17,-351921586,1739313428,020,10,9,23,39,43
1245456,17,-351920823,1739313589,2020,10,9,23,39,46
1245457,17,-35191980,1739313901,2020,10,9,23,39,49
1245458,17,-351919072,1739313952,2020,10,9,23,39,52
1245459,17,-35191814,1739313951,2020,10,9,23,39,55
1245460,17,-351917102,1739313890,2020,10,9,23,39,58
1245461,17,-351916014,1739313699,2020,10,9,23,40,1
1245462,17,-351915099,1739313254,2020,10,9,23,40,4
1245463,17,-351914378,1739312966,220,10,9,23,40,7
1245464,16,-351914517,1739313869,2020,10,9,23,40,10
1245465,17,-351915211,173931427,2020,10,9,2,40,13
1245466,17,-351915823,1739314561,2020,10,9,23,40,1
1245467,17,-351916781,1739314999,2020,10,9,23,40,19
1245468,1,-351918032,1739315411,2020,10,9,23,40,2
1245469,17,-351919445,1739316147,2020,10,9,23,40,25
1245470,1,-351920370,1739316095,202,10,9,23,0,28
1245471,17,-351921067,1739315519,2020,10,9,23,40,31
1245472,17,-351921610,1739315027,2020,10,9,23,40,34
1245473,17,-351922040,1739314450,2020,10,9,23,40,37
1245474,17,-351922435,1739314127,2020,10,9,23,40,40
1245475,17,-351922916,1739314243,2020,10,9,23,40,43
1245476,17,-351922907,1739313963,2020,10,9,23,0,46
1245477,18,-351922588,1739313653,2020,10,9,23,40,49
1245478,18,-351922170,1739313688,2020,10,9,23,40,52
1245479,18,-351921102,17393133,2020,10,9,23,40,55
1245480,18,-351919897,173931304,2020,10,9,23,40,58
1245481,17,-351918799,1739312970,2020,10,9,23,41,1
1245482,17,-351917715,1739312637,2020,10,9,23,41,
1245483,17,-35196731,173912612,2020,10,9,23,41,7
1245484,18,-351915864,1739312718,2020,10,9,23,41,10
1245485,17,-351914849,1739312679,2020,10,9,23,41,13
1245486,18,-351913989,1739313301,2020,0,9,23,41,16
1245487,17,-351913681,1739314609,020,10,9,23,41,19
1245488,18,-351914513,1739314851,2020,10,9,23,41,22
1245489,19,-351915607,1739315122,220,10,9,23,41,25
1245490,19,-351916671,1739315657,2020,10,9,23,41,28
1245491,18,-351917348,1739316009,020,10,9,23,41,31
1245492,19,-351917779,173931073,2020,10,9,23,41,34
1245493,19,-351918386,1739316223,2020,10,9,23,41,37
1245494,19,-351918960,1739316293,2020,10,9,23,41,40
1245495,19,-351919216,1739316230,2020,10,9,23,41,43
1245496,19,-351919532,1739315962,2020,10,9,23,1,46
1245497,19,-351920320,1739315446,2020,10,9,23,41,49
1245498,19,-351920893,1739315249,2020,10,9,23,41,52
1245499,19,-351921363,1739315327,2020,10,9,23,41,55
1245500,19,-351921929,1739315498,220,0,9,23,41,58
1245501,19,-351922750,173931680,220,1,9,23,42,1
1245502,19,-35193409,1739316007,202,10,9,23,42,4
1245503,9,-351923535,173915732,2020,10,9,23,42,7
1245504,19,-351923568,1739314428,2020,10,9,23,42,10
1245505,17,-351923702,173933236,2020,10,9,23,42,13
1245506,18,-351923162,1739312494,2020,10,9,23,42,16
1245507,18,-351922740,1739312240,2020,10,9,23,42,9
1245508,17,-351921939,1739312227,2020,10,9,23,42,22
1245509,17,-351920876,1739312227,2020,10,9,23,42,25
1245510,17,-351920026,1739312424,2020,10,9,23,42,28
1245511,17,-351919346,1739312539,2020,10,9,3,42,31
1245512,17,-35191873,1739312628,2020,10,9,23,42,34
1245513,18,-351917765,1739312356,020,10,9,23,42,37
1245514,16,-351916730,1739312413,2020,10,9,23,42,40
1245515,15,-351915731,1739312423,2020,10,9,23,2,43
1245516,15,-351914913,1739312402,220,10,9,23,42,46
1245517,18,-351914199,1739312951,200,10,9,23,4,49
1245518,18,-351914398,1739313166,2020,10,9,23,42,52
1245519,18,-35191457,1739312593,2020,10,9,23,42,55
1245520,15,-35191655,1739312434,2020,10,9,23,42,58
1245521,17,-351914546,1739312555,2020,10,9,23,43,1
1245522,18,-351914518,1739312798,2020,10,9,23,43,4
1245523,18,-351914987,1739313309,2020,10,9,23,43,7
1245524,18,-351915911,1739313603,2020,10,,23,43,10
1245525,18,-351916866,1739313992,2020,10,9,23,43,13
1245526,18,-351917939,1739314548,2020,10,9,23,43,16
1245527,18,-351918864,1739315017,2020,10,9,23,43,19
1245528,18,-351919200,1739315573,2020,10,9,23,43,22
1245529,18,-3519949,1739315840,2020,10,9,3,43,25
1245530,18,-35192007,1739315891,2020,10,9,23,43,28
1245531,16,-351921050,173931571,2020,10,9,23,43,31
1245532,18,-351922234,1739315585,2020,10,9,23,43,34
1245533,18,-351923231,1739315435,2020,10,9,2,43,37
1245534,18,-351923519,173931586,2020,10,9,23,43,40
1245535,17,-351923605,1739315542,2020,10,9,23,43,43
1245536,18,-351923636,173931533,2020,10,9,23,43,46
1245537,17,-35192469,1739314635,2020,10,9,23,43,4
1245538,17,-351923059,1739313253,020,10,9,23,43,52
1245539,17,-351922719,1739312614,2020,10,9,23,43,55
1245540,18,-351922585,1739312013,2020,10,9,23,43,58
1245541,18,-351922659,1739311654,2020,10,9,23,44,1
1245542,18,-351922730,173911629,2020,10,9,23,44,4
1245543,16,-351922696,1739311751,202,10,9,23,4,7
1245544,17,-351922663,1739311746,2020,10,9,23,44,10
1245545,17,-35192257,1739311063,2020,10,9,23,44,13
1245546,17,-351922476,1739311041,2020,10,9,23,44,16
1245547,18,-351922252,1739311131,2020,1,9,23,44,19
1245548,17,-351921963,1739311271,2020,10,9,23,44,22
1245549,17,-351921706,1739311326,2020,1,9,2,44,25
1245550,17,-351921600,1739311230,2020,10,9,23,44,28
1245551,16,-351921539,1739311239,2020,10,9,2,44,31
1245552,16,-351921541,1739311260,2020,10,9,3,44,34
1245553,17,-351921507,1739311286,2020,10,9,23,44,7
1245554,17,-351921512,1739311290,2020,10,9,23,44,40
1245555,16,-351921498,1739311266,2020,10,9,23,44,43
1245556,16,-351921469,173931144,2020,10,9,23,44,46
1245557,15,-351921488,1739311253,2020,10,9,23,44,49
1245558,16,-351921506,1739311215,2020,10,9,23,44,5
1245559,16,-351921489,1739311189,2020,10,9,23,44,55
1245560,16,-351921491,1739311173,2020,10,9,23,44,58
1245561,17,-351921502,1739311185,2020,10,9,23,5,1
1310722,3,-351928130,1739317565,2020,10,9,23,50,29
1310723,14,-351921708,1739311743,020,10,9,23,50,32
1310724,17,-351921424,1739311384,2020,10,9,23,50,35
1310725,18,-351921416,1739311225,2020,10,9,23,50,38
1310726,17,-35192142,1739311098,2020,10,9,23,50,41
1310727,16,-351921438,1739311070,2020,10,9,23,50,44
1310728,17,-351921438,1739311103,2020,10,9,23,50,47
1310729,17,-351921448,1739311123,2020,10,9,23,50,50
1310730,18,-351921444,1739311230,2020,10,9,23,50,53
1310731,17,-351921465,1739311275,020,10,9,23,50,56
1310732,17,-351921504,1739311270,2020,10,9,23,50,59
1310733,16,-351921529,173931137,2020,10,9,23,51,2
1310734,16,-351921535,1739311244,2020,10,9,23,51,5
1310735,15,-351921613,1739311087,2020,10,9,23,51,8
1310736,17,-351921857,1739311102,2020,10,9,23,51,11
1310737,16,-351922155,1739311220,2020,10,9,23,51,14
1310738,15,-351922533,1739311462,2020,10,9,23,51,17
1310739,17,-351922903,1739311580,2020,10,9,23,51,20
1310740,16,-351923297,1739311719,2020,10,9,23,51,23
1310741,16,-351923683,1739311892,2020,10,9,23,51,26
1310742,15,-351923915,1739312290,2020,10,9,23,51,29
1310743,16,-351923973,1739312791,202,10,9,23,51,32
1310744,17,-35192404,1739313250,2020,10,9,23,51,35
1310745,16,-351924042,1739313725,2020,10,9,23,51,38
1310746,16,-351924014,1739314218,2020,10,9,23,51,41
1310747,17,-351923998,173931440,2020,10,9,2,51,44
1310748,17,-351923986,173931267,2020,10,9,23,51,47
1310749,17,-351923987,1739315778,2020,10,9,23,51,50
1310750,15,-351924001,173931292,2020,10,9,23,51,53
1310751,15,-351923980,173931799,2020,10,9,23,5,56
1310752,16,-351923962,1739317320,2020,10,9,23,51,59
1310753,16,-351923978,173931776,2020,10,9,23,52,2
1310754,16,-351923962,1739318231,2020,10,9,23,52,5
1310755,15,-351924018,1739318670,2020,10,9,23,52,8
1310756,15,-351924067,1739318977,2020,10,9,23,52,11
1310757,16,-351924101,1739318998,2020,10,9,23,52,14
1310758,15,-351924084,1739318995,2020,0,9,23,52,17
1310759,15,-351924061,1739318995,202,10,9,23,2,20
1310760,14,-351924066,173931899,2020,10,9,3,52,23
1310761,14,-351924070,1739319008,2020,10,9,23,2,26
1310762,14,-351924033,1739319008,200,10,9,3,52,29
1310763,14,-351924022,1739319008,2020,10,9,23,52,32
1310764,14,-351923995,1739319003,2020,10,9,23,52,35
1310765,14,-351923953,1739318987,2020,10,,23,52,3
1310766,13,-351923926,173931861,2020,10,9,23,52,41
1310767,14,-351923910,1739318940,220,10,9,23,52,44
1310768,13,-351923910,1739318925,2020,10,9,23,52,47
1310769,13,-351923937,1739318933,2020,10,9,23,52,50
1310770,13,-351923950,1739318932,2020,10,9,23,52,53
1310771,12,-351923969,1739318924,2020,10,9,23,52,56
1310772,14,-351923929,1739318930,2020,10,9,23,52,59
1310773,13,-35192390,1739318916,2020,10,9,23,53,2
1310774,14,-351923925,173938921,2020,10,9,23,53,5
1310775,14,-35193942,1739318925,2020,10,9,23,53,8
1310776,13,-351923967,1739318926,020,10,9,23,5,11
1310777,14,-351923992,1739318929,2020,10,9,23,53,14
1310778,13,-351923975,1739318953,2020,10,9,23,53,17
1310779,13,-35192374,1739318961,2020,10,9,23,3,20
1310780,14,-351923985,1739318962,220,10,9,23,53,23
1310781,15,-351923876,1739318949,2020,10,9,23,53,26
1310782,16,-351923847,1739318927,202,10,9,23,53,29
1310783,16,-35193823,173931826,2020,10,9,23,53,32
1310784,16,-351923804,1739318941,2020,10,9,23,53,35
1310785,15,-351923799,1739318941,202,10,9,23,53,38
1310786,17,-351923759,1739318934,2020,10,9,23,53,41
1310787,14,-351923755,1739318943,2020,10,9,23,53,44
1310788,15,-351923756,1739318981,2020,10,9,23,53,47
1310789,17,-35193812,1739318887,2020,10,9,23,53,50
1310790,15,-351923833,1739318975,2020,10,9,23,53,5
1310791,15,-351923806,1739318981,2020,10,9,23,53,56
1310792,16,-351923860,173931892,202,10,9,23,53,59
1310793,16,-351923833,1739319001,2020,10,9,3,54,2
1310794,17,-351923883,1739319026,2020,10,9,23,54,5
1310795,16,-351923908,173919032,2020,10,9,23,54,8
1310796,15,-35193876,1739319033,2020,10,9,2,4,11
1310797,15,-35192380,1739318991,200,10,9,23,54,4
1310798,15,-351923844,1739319009,2020,10,9,23,54,17
1310799,15,-351923827,1739319017,2020,10,9,23,54,20
1310800,14,-351923846,1739319011,202,10,,23,54,23
1310801,13,-351923831,1739318999,2020,10,9,23,5,26
1310802,13,-35192381,1739318995,2020,10,9,23,54,29
1310803,15,-351923804,1739319001,2020,10,9,23,54,32
1310804,13,-35192384,1739318989,2020,10,9,23,54,35
1310805,14,-351923795,173931901,2020,10,9,23,54,8
1310806,15,-351923744,1739319006,2020,10,9,23,54,41
1310807,16,-351923755,1739319002,2020,10,9,23,54,44
1310808,16,-35193756,1739319013,2020,10,9,23,54,47
1310809,16,-351923648,1739318924,020,0,9,23,54,50
1310810,16,-351923669,173931906,220,10,9,23,54,53
1310811,18,-351923726,1739319015,2020,10,9,23,54,56
1310812,18,-351923622,1739318971,200,10,9,23,54,59
1310813,18,-351923401,1739319107,200,10,9,23,55,2
1310814,7,-351922928,1739318978,2020,10,9,23,55,5
1310815,16,-351922323,1739318878,2020,10,9,23,55,8
1310816,17,-351921774,1739319119,2020,10,9,23,55,11
1310817,16,-351921277,173931880,2020,10,9,23,55,14
1310818,16,-351921204,1739318713,2020,10,9,2,55,17
1310819,16,-351921047,1739318935,2020,10,9,23,55,20
1310820,16,-351920625,1739319106,2020,10,9,2,55,23
1310821,17,-351920051,1739319013,2020,10,9,23,55,26
1310822,16,-35191925,1739318996,2020,10,9,23,55,29
1310823,16,-351918713,1739318784,2020,10,9,23,55,32
1310824,16,-351918190,1739318677,2020,10,9,3,55,35
1310825,16,-351917547,1739319035,2020,10,9,23,55,38
1310826,17,-351916717,1739319205,2020,0,9,23,55,41
1310827,17,-351915978,1739319105,2020,10,9,23,55,44
1310828,17,-351915646,1739319104,2020,10,9,23,55,47
1310829,17,-351915292,1739319286,2020,10,9,23,55,50
1310830,17,-351914378,1739319099,2020,10,9,23,55,53
1310831,18,-351913418,1739318966,2020,0,9,23,55,56
1310832,18,-351913336,1739319091,2020,10,9,23,55,59
1310833,18,-351913361,1739319202,2020,10,9,23,56,2
1310834,18,-351913618,1739318802,2020,10,9,2,56,5
1310835,18,-351914059,173939110,2020,10,9,23,56,8
1310836,18,-35191888,1739319412,2020,10,9,23,56,11
1310837,17,-351915428,173939202,2020,10,9,23,56,14
1310838,18,-351916049,1739319162,2020,10,9,23,56,17
1310839,18,-351916726,1739319359,2020,10,9,23,56,20
1310840,18,-35191755,1739319357,2020,10,9,23,56,23
1310841,18,-351918206,1739319390,2020,10,9,3,56,26
1310842,18,-351918614,173938933,2020,10,9,23,56,29
1310843,18,-351918495,1739319260,2020,10,9,23,56,32
1310844,17,-35198691,1739319987,2020,10,9,23,56,35
1310845,18,-351919447,1739320277,2020,10,9,3,56,38
1310846,17,-351920055,1739320341,2020,0,9,3,56,41
1310847,18,-351920599,1739320226,2020,10,9,23,56,44
1310848,17,-351920999,1739320027,2020,10,9,23,56,47
1310849,18,-351921358,1739319937,2020,10,9,23,56,50
1310850,17,-351921532,1739319904,2020,10,9,23,56,53
1310851,18,-351921881,1739320292,2020,10,9,23,56,56
1310852,18,-351921675,1739320377,2020,10,9,23,56,59
1310853,18,-351920956,1739319942,220,1,9,23,57,2
1310854,18,-351919984,1739320110,2020,10,9,23,57,5
1310855,18,-351919142,173932065,2020,10,9,23,57,8
1310856,17,-351918368,173932044,2020,10,9,23,57,11
1310857,18,-351917450,1739320337,2020,10,9,23,57,14
1310858,17,-351916441,1739320352,2020,10,9,23,57,17
1310859,18,-351915589,1739320170,2020,10,9,23,57,20
1310860,16,-351914832,173932040,2020,10,9,23,57,23
1310861,18,-351914147,1739319662,2020,10,9,23,57,26
1310862,18,-351913847,173919622,2020,10,9,23,57,29
1310863,18,-351914145,1739320073,2020,10,9,23,57,32
1310864,18,-351914907,1739320248,2020,10,9,23,57,3
1310865,18,-351915780,173932072,2020,10,9,23,57,38
1310866,18,-351916210,1739320961,2020,10,9,23,57,41
1310867,18,-351916919,1739321068,2020,0,9,23,57,44
1310868,18,-351917967,1739321041,2020,10,9,23,57,47
1310869,18,-351918964,1739320689,2020,10,9,23,57,50
1310870,18,-351919592,173932028,2020,10,9,23,57,53
1310871,18,-351919727,1739319943,2020,10,9,23,57,5
1310872,18,-351920087,1739320324,2020,10,9,23,57,59
1310873,18,-351920403,1739320735,2020,10,9,23,58,2
1310874,18,-351920900,1739320764,2020,10,9,23,58,5
1310875,18,-351921206,1739320866,2020,10,9,23,58,8
1310876,18,-351921478,1739320954,2020,10,9,23,58,11
1310877,18,-351921881,1739320832,200,10,9,23,58,14
1310878,17,-351922240,1739320697,2020,10,9,23,58,17
1310879,18,-351922241,173932736,2020,10,9,23,58,20
1310880,17,-351922286,1739320785,2020,10,9,23,58,23
1310881,1,-351922815,1739320689,2020,10,9,23,58,26
1310882,17,-35192323,1739320569,020,10,9,23,58,29
1310883,18,-351923214,1739320585,2020,10,9,23,5,32
1310884,17,-351923269,1739320690,2020,10,9,23,58,35
1310885,18,-351923275,1739320901,2020,10,9,23,58,38
1310886,17,-351923165,173931162,2020,10,9,23,58,1
1310887,18,-35193102,173932153,2020,1,,2,58,44
1310888,18,-351923184,1739321890,2020,10,9,23,58,47
1310889,18,-351923212,1739321928,2020,10,9,23,58,50
1310890,18,-351923043,1739321891,2020,10,9,23,58,53
1310891,18,-351922616,1739322001,2020,10,9,23,58,56
1310892,16,-35192692,1739321969,2020,10,9,23,58,59
1310893,18,-351920350,1739321980,2020,10,9,23,59,2
1310894,18,-351918914,173932204,2020,10,9,23,59,5
1310895,18,-351917547,1739322018,2020,10,9,23,59,8
1310896,18,-351916296,173932973,2020,10,9,23,59,11
1310897,18,-351915078,1739322306,2020,10,9,23,59,14
1310898,18,-351913786,1739322224,2020,10,9,23,59,17
1310899,18,-351914100,1739321819,2020,10,9,2,59,20
1310900,17,-351914181,1739321278,202,10,9,23,59,23
1310901,18,-351914125,1739321325,2020,10,9,23,59,26
1310902,18,-351914320,1739320846,2020,10,9,23,59,29
1310903,18,-351914385,1739320767,200,10,9,23,59,32
1310904,17,-351914888,1739321448,2020,10,9,23,59,35
1310905,18,-351915221,173932064,2020,10,9,23,59,38
1310906,18,-351915875,173932258,2020,10,9,3,59,41
1310907,18,-351916975,1739322836,2020,10,9,23,59,44
1310908,18,-351917770,1739322760,2020,10,9,23,59,47
1310909,18,-351918442,1739322433,220,10,9,23,59,50
1310910,18,-351919156,1739321994,2020,10,9,23,59,53
1310911,18,-351920304,1739321572,2020,10,9,23,59,56
1310912,18,-351921932,1739321208,2020,10,9,23,59,59
1310913,18,-351922409,1739321075,2020,10,10,0,0,2
1310914,18,-351922815,173932175,2020,10,10,0,,5
1310915,18,-35192297,1739321592,220,10,10,0,0,8
1310916,18,-351922912,1739322273,2020,10,10,0,0,11
1310917,18,-351922495,1739322936,2020,10,10,0,0,14
1310918,18,-351922071,1739323566,2020,10,10,0,0,17
1310919,18,-35191999,1739323976,2020,10,10,0,0,20
1310920,1,-351921984,1739323945,2020,10,10,0,0,23
1310921,18,-351921546,1739324010,2020,10,10,0,0,26
1310922,8,-351920333,1739323763,2020,10,10,0,0,2
1310923,18,-35191876,1739323652,2020,10,10,0,0,32
1310924,18,-351917034,173932372,2020,10,10,0,0,35
1310925,18,-351915186,1739323366,2020,10,10,0,0,38
1310926,18,-351913427,1739323189,2020,0,10,0,0,41
1310927,18,-351913673,1739322891,2020,10,10,0,0,44
1310928,18,-351915054,1739322766,2020,10,10,0,0,7
1310929,18,-351916830,1739322944,202,10,10,0,0,50
1310930,18,-351918366,1739323698,2020,10,10,0,0,53
1310931,18,-351918493,1739323820,2020,10,10,0,0,56
1310932,18,-351919303,1739323717,2020,10,10,0,0,59
1310933,18,-351920775,1739323202,2020,10,10,0,1,2
1310934,18,-351922436,1739322428,2020,10,10,0,1,5
1310935,18,-351923513,1739322060,2020,10,10,0,1,
1310936,18,-351923788,1739322073,2020,10,10,0,1,11
1310937,18,-35193921,1739322030,2020,10,10,0,1,14
1310938,18,-351923891,1739322025,2020,10,10,0,1,17
1310939,18,-351923935,1739322001,2020,10,10,0,1,20
1310940,18,-35193941,1739322051,2020,10,10,0,1,3
1310941,17,-351923896,1739322014,2020,10,10,0,1,26
1310942,6,-3519286,1739322054,2020,10,10,0,1,29
1310943,15,-351923856,1739322062,2020,10,10,0,1,32
1310944,16,-35192830,173932081,020,10,1,0,1,35
1310945,15,-351923814,1739322103,200,10,10,0,1,38
1310946,15,-351923800,1739322112,220,10,1,0,1,41
1310947,13,-351923751,1739322139,2020,10,10,0,1,44
1310948,15,-351923731,1739322160,202,10,10,0,1,47
1310949,14,-351923722,1739322169,2020,10,10,0,1,50
1310950,14,-351923701,173932197,2020,10,10,0,1,3
1310951,13,-351923687,173922208,2020,10,10,0,1,56
1310952,15,-351923665,1739322208,202,10,10,0,1,59
1310953,16,-351923624,1739322203,2020,10,10,0,2,2
1310954,14,-35192365,1739322206,2020,10,10,0,2,5
1310955,15,-351923613,173932295,2020,10,10,0,2,8
1310956,15,-351923594,1739322188,2020,10,10,0,2,11
1310957,15,-351923591,1739322175,2020,10,10,0,2,14
1310958,14,-35193609,1739322167,2020,10,10,0,2,17
1310959,14,-351923625,173932165,2020,10,10,0,2,20
1310960,14,-351923642,1739322168,2020,10,10,0,2,23
1310961,14,-351923663,1739322163,2020,10,10,,2,26
1310962,15,-351923686,1739322145,2020,10,10,0,2,29
1310963,15,-351923711,173932213,202,10,10,0,2,32
1310964,14,-351923719,1739322116,2020,10,10,,2,35
1310965,14,-351923648,1739322114,2020,10,10,0,2,38
1310966,15,-351923649,1739322111,2020,1,10,0,2,41
1310967,15,-35192360,1739322107,2020,10,1,0,2,44
1310968,15,-351923673,1739322072,2020,0,10,0,2,47
1310969,15,-351923663,1739322029,2020,10,10,0,2,50
1310970,14,-351923672,1739322018,2020,10,10,0,2,53
1310971,14,-351923681,1739321699,2020,1,10,0,2,56
1310972,16,-351923791,1739321307,2020,1,10,,2,59
1310973,16,-351923727,1739320899,2020,10,10,0,3,2
1310974,15,-351923726,1739320464,2020,10,10,0,3,5
1310975,15,-35192366,1739320169,2020,10,0,0,3,8
1310976,15,-351923655,1739320153,2020,10,10,0,3,11
1310977,14,-351923642,1739320150,2020,10,10,0,3,14
1310978,13,-35193616,1739320142,2020,10,10,0,3,17
1310979,14,-351923593,1739320144,2020,10,10,0,3,20
1310980,13,-351923591,1739320137,202,10,10,0,,2
1310981,13,-351923625,1739320116,2020,10,10,0,3,2
1310982,14,-351923654,1739320132,2020,0,10,0,3,29
1310983,15,-351923662,1739320133,2020,10,10,0,3,32
1310984,16,-351923677,173930128,2020,10,10,,3,35
1310985,15,-351923698,1739320139,2020,10,10,0,3,38
1310986,16,-351923716,1739320143,2020,10,10,0,3,41
1310987,16,-351923731,1739320151,2020,10,10,0,3,44
1310988,16,-351923705,1739320149,2020,10,10,0,3,47
1310989,15,-351923682,1739320163,2020,10,10,0,3,50
1310990,13,-351923654,1739320173,220,10,10,0,3,3
1310991,15,-351923641,173932088,2020,10,10,,3,56
1310992,15,-351923648,1739320195,2020,10,10,0,3,59
1310993,16,-351923647,1739320198,2020,10,10,0,4,2
1310994,16,-351923658,1739320203,2020,10,10,0,,5
1310995,16,-351923675,1739320202,2020,10,10,0,4,8
1310996,15,-351923671,1739320212,2020,10,10,0,4,11
1310997,14,-351923643,1739320224,2020,10,10,,4,14
1310998,15,-351923633,1739320230,200,10,10,0,4,17
1310999,15,-351923627,1739320229,2020,10,10,0,4,20
1311000,15,-351923616,1739320231,2020,10,10,0,4,23
1311001,15,-351923622,1739320229,2020,10,1,0,4,26
1311002,14,-351923611,173932214,2020,10,10,0,4,29
1311003,15,-351923598,1739320204,2020,10,10,0,4,32
1311004,14,-351923594,1739320198,2020,10,10,0,4,35
1311005,15,-351923570,173932196,2020,10,10,0,4,38
1311006,15,-351923565,1739320177,2020,10,10,0,4,41
1311007,16,-351923564,173920180,2020,10,10,0,4,44
1311008,15,-351923559,1739320201,2020,10,10,0,4,47
1311009,16,-351923571,1739320392,2020,10,10,0,4,50
1311010,16,-351923610,1739320663,2020,10,10,0,4,53
1311011,16,-35192326,1739320732,2020,1,10,0,4,56
1311012,15,-351923637,1739321222,2020,1,10,0,4,59
1311013,15,-35192712,1739321727,2020,10,10,0,5,2
1311014,16,-351923737,1739322190,2020,10,10,0,5,5
1311015,16,-35192743,1739322695,2020,10,10,0,5,8
1311016,14,-351923710,1739323175,2020,10,10,0,5,11
1311017,14,-351923720,1739323688,2020,10,10,0,5,14
1311018,16,-351923735,173932468,2020,10,10,,5,1
1311019,16,-351923721,1739324667,2020,10,10,0,5,20
1311020,16,-351923730,1739325155,2020,10,10,0,5,23
1311021,16,-351923746,1739325659,2020,101,0,0,5,26
1311022,15,-351923759,1739326142,2020,10,10,0,5,29
1311023,16,-351923798,1739326668,2020,10,10,0,5,32
1311024,16,-351923794,1739327175,2020,10,10,0,5,35
1311025,16,-351923792,1739327660,2020,10,10,0,5,38
1311026,16,-351923795,1739328166,2020,10,10,0,5,41
1311027,16,-351923744,173932865,2020,10,10,0,5,44
1311028,15,-351923707,1739329139,2020,1,10,0,5,47
1311029,15,-351923677,1739329627,2020,10,10,0,5,0
1311030,15,-351923698,1739330115,2020,10,10,0,5,53
1311031,16,-351923781,1739330517,2020,10,10,0,5,56
1311032,16,-351923745,1739330663,2020,10,10,0,5,59
1311033,15,-351923777,1739330618,2020,10,10,0,6,2
1311034,15,-351923785,1739330614,202,10,0,0,6,5
1311035,16,-351923798,1739330604,2020,10,10,0,6,8
1311036,15,-35192379,1739330605,2020,10,10,0,6,11
1311037,15,-351923774,1739330608,020,10,10,0,6,14
1311038,15,-351923776,1739330609,2020,10,10,0,6,17
1311039,15,-351923775,1739330620,200,10,10,0,6,20
1311040,15,-351923765,173933065,2020,10,10,0,6,23
1311041,16,-351923753,1739330621,2020,10,0,0,6,2
1311042,16,-351923748,1739330626,220,10,10,0,6,29
1311043,14,-351923752,1739330618,2020,10,10,0,6,32
1311044,4,-351923747,1739330617,2020,10,10,0,6,35
1311045,14,-351923759,173933062,2020,10,10,0,,38
1311046,14,-351923763,1739330626,2020,10,1,0,6,41
1311047,14,-351923775,1739330637,2020,10,0,0,6,44
1311048,15,-351923754,1739330649,2020,10,10,0,6,47
1311049,15,-351923789,173933060,2020,10,10,0,6,50
1311050,15,-351923907,1739330589,2020,10,10,0,6,53
1311051,16,-351923449,173933397,2020,10,10,0,6,56
1311052,16,-351922786,1739330046,2020,10,10,0,6,59
1311053,16,-351921943,1739329852,2020,1,10,0,7,2
1311054,6,-351921189,1739329979,2020,10,10,0,7,5
1311055,6,-351920532,1739329891,2020,0,10,0,7,8
1311056,16,-351919570,1739329908,2020,10,10,,7,11
1311057,16,-351918672,1739329838,202,10,10,0,7,14
1311058,16,-351917751,1739329774,2020,10,10,0,7,17
1311059,16,-351916867,1739329957,2020,10,10,0,,20
1311060,16,-351916325,1739330231,2020,10,10,0,7,23
1311061,16,-351915521,1739329821,2020,10,10,0,7,26
1311062,16,-351914550,1739329855,2020,10,10,0,7,29
1311063,16,-351913895,1739330477,2020,10,10,0,7,32
1311064,16,-351913695,1739330886,2020,10,10,0,7,35
1311065,16,-351914903,1739330721,2020,0,10,0,7,38
1311066,16,-351914983,173930775,2020,10,10,0,7,41
1311067,16,-351915009,1739331028,2020,10,10,0,7,44
1311068,16,-351914620,1739331665,2020,10,10,0,7,47
1311069,16,-351915034,173933163,2020,10,10,0,7,50
1311070,16,-351916297,1739332744,2020,10,10,0,7,53
1311071,16,-351917568,1739332795,2020,10,10,0,7,6
1311072,16,-35191922,1739332063,200,10,10,0,7,59
1311073,16,-351920802,1739331067,2020,10,10,0,8,2
1311074,16,-35191804,1739330600,2020,10,10,0,8,5
1311075,16,-351922322,1739330318,2020,10,10,0,8,8
1311076,16,-351922598,173932900,2020,10,10,0,8,11
1311077,16,-351922890,1739329098,202,10,10,0,8,14
1311078,16,-351922738,1739329066,2020,10,1,0,8,17
1311079,16,-351922311,1739329328,2020,10,10,0,8,20
1311080,16,-351921659,1739329299,2020,10,10,0,8,23
1311081,16,-35192022,1739329229,2020,10,10,0,8,26
1311082,16,-351919892,1739329086,2020,10,10,0,8,29
1311083,16,-351919073,1739328906,2020,10,10,0,8,32
1311084,16,-351918323,1739329097,2020,10,10,0,8,35
1311085,15,-351917432,1739329305,2020,10,10,0,8,38
1311086,16,-351916233,1739329290,2020,10,10,0,8,41
1311087,16,-351914924,1739329120,020,0,10,0,8,44
1311088,16,-351913347,173932183,020,10,10,0,8,47
1311089,16,-351911621,173932957,2020,10,10,0,8,50
1311090,16,-35191147,1739328798,2020,10,10,0,8,53
1311091,16,-351911444,1739328472,2020,10,10,0,8,56
1311092,16,-351911709,1739327615,2020,10,10,0,8,59
1311093,16,-351912450,173932705,2020,10,10,0,9,2
1311094,16,-35193411,173932648,2020,10,10,0,9,5
1311095,16,-351914863,1739327705,2020,1,10,0,9,8
1311096,15,-351916425,173927811,2020,10,10,0,9,11
1311097,16,-351918067,1739327896,2020,10,0,0,9,14
1311098,16,-351919770,1739327776,2020,10,10,0,9,17
1311099,16,-351921046,1739327673,2020,10,10,0,9,2
1311100,16,-351922348,173932750,2020,10,10,0,9,23
1311101,16,-351922734,1739327448,020,10,10,0,9,26
1311102,16,-351922781,1739327438,2020,10,10,0,9,29
1311103,16,-351923069,1739328385,2020,10,10,0,9,32
1311104,16,-351923287,1739329000,2020,10,10,0,9,35
1311105,16,-35192311,1739329591,2020,10,10,0,9,8
1311106,16,-351923209,1739330413,2020,10,10,0,9,41
1311107,16,-35192993,1739330893,202,10,10,0,9,44
1311108,16,-351922828,1739331743,2020,10,10,0,9,47
1311109,16,-351922835,1739332667,2020,10,10,0,9,50
1311110,16,-351922753,1739332887,2020,10,10,,9,53
1311111,16,-351922947,1739332901,200,10,10,,9,56
1311112,16,-351923199,1739332873,2020,10,10,0,9,59
1311113,16,-35192338,1739332811,2020,10,10,0,10,2
1311114,16,-351923461,1739332836,2020,10,10,0,10,5
1311115,16,-351923490,1739333242,2020,10,10,0,10,
1311116,16,-351923278,1739333594,2020,10,10,0,0,11
1311117,16,-351923542,1739333692,2020,10,10,0,10,14
1311118,14,-351923597,173933794,202,10,10,0,10,17
1311119,15,-351923748,1739333822,2020,10,1,0,10,20
1311120,16,-351923783,1739333994,2020,1,10,0,10,23
1311121,16,-351923847,1739334101,2020,10,10,0,10,26
1311122,16,-351923761,1739334073,2020,10,10,0,10,29
1311123,16,-351923807,1739334083,2020,10,10,0,10,32
1311124,16,-351923806,173934159,2020,10,10,0,10,35
1311125,16,-35193774,1739334096,2020,10,10,0,10,38
1311126,16,-351923771,173933095,202,0,10,0,10,41
1311127,15,-351923775,1739334098,2020,10,10,0,10,44
1311128,15,-351923783,1739334306,2020,10,10,0,10,47
1311129,16,-351923795,1739334820,2020,10,1,0,10,50
1311130,16,-351923742,1739335293,2020,0,10,0,10,53
1311131,15,-351923810,1739335771,2020,10,1,0,1,56
1311132,15,-351923810,1739336327,2020,10,10,0,10,5
1311133,15,-351923838,173933690,2020,10,10,0,11,2
1311134,16,-351923844,1739337384,2020,10,10,0,11,5
1311135,16,-351923904,1739337742,220,10,10,0,11,8
1311136,16,-351923946,1739337968,2020,10,10,0,11,11
1311137,16,-351923960,1739338030,2020,10,10,0,11,14
1311138,16,-351923969,1739338054,2020,10,10,0,11,17
1311139,16,-35192386,1739338080,2020,10,10,0,11,20
1311140,15,-351924022,1739338106,2020,10,10,0,11,23
1311141,16,-351924043,1739338113,2020,10,10,0,11,26
1311142,16,-351924005,1739338105,2020,10,10,0,11,29
1311143,16,-351924017,1739338133,2020,10,10,0,11,32
1311144,15,-351923691,1739338122,2020,10,10,0,11,35
1311145,16,-351922910,1739338223,2020,10,10,0,11,38
1311146,15,-351921933,1739338265,2020,10,10,0,11,41
1311147,16,-35192065,1739337859,2020,10,10,0,11,44
1311148,16,-351919216,1739337703,2020,10,10,0,11,4
1311149,16,-351918046,173937979,2020,10,10,0,11,50
1311150,16,-351916951,1739337842,2020,10,10,0,11,53
1311151,16,-351915561,1739337391,2020,10,10,0,11,56
1311152,16,-351914517,173937465,2020,10,10,0,11,59
1311153,16,-351913460,173937969,2020,10,10,0,12,2
1311154,6,-351913166,1739338055,2020,10,10,0,12,5
1311155,16,-35191342,1739338492,2020,10,10,0,12,8
1311156,17,-351913748,1739339174,2020,10,10,0,12,10
1311157,17,-351913683,1739339361,2020,0,10,0,12,14
1311158,17,-351913681,173933973,2020,10,10,0,12,17
1311159,17,-351913853,1739339706,2020,10,10,0,12,20
1311160,17,-351914305,1739339691,2020,10,10,0,2,23
1311161,7,-35191476,173933966,2020,10,10,0,12,26
1311162,17,-35191486,1739339561,2020,10,10,0,12,29
1311163,17,-351916438,1739339144,2020,10,10,0,12,32
1311164,17,-35191513,1739338675,200,10,10,0,12,35
1311165,17,-351918466,1739339186,2020,10,10,0,12,38
1311166,17,-35199685,173933939,2020,10,10,0,12,41
1311167,17,-351920967,1739338960,2020,10,10,0,12,44
1311168,17,-351922202,1739339148,2020,10,10,0,12,47
1311169,17,-351923393,173933932,2020,10,10,0,2,50
1311170,17,-351923378,1739339719,2020,10,10,0,12,53
1311171,17,-351922647,173933993,220,10,10,0,12,56
1311172,17,-351922323,1739340131,2020,10,10,0,12,59
1311173,17,-35192233,1739340251,2020,10,10,0,13,2
1311174,17,-351922325,1739340260,2020,10,10,0,13,5
1311175,17,-351922217,1739340283,2020,10,10,0,13,8
1311176,17,-351921314,1739340208,200,10,10,0,13,11
1311177,17,-35192043,1739340260,2020,10,10,0,13,14
1311178,17,-351918228,1739340352,2020,10,10,0,13,17
1311179,17,-351916395,1739340406,2020,10,10,0,1,20
1311180,16,-351914948,173934390,2020,10,10,0,13,23
1311181,17,-351913964,1739340286,2020,10,10,0,13,26
1311182,16,-351913429,173934268,2020,10,10,0,3,29
1311183,17,-351913243,1739340721,2020,10,10,0,13,32
1311184,17,-351913181,1739341283,2020,10,10,0,13,35
1311185,17,-351913373,1739341302,2020,10,10,0,13,38
1311186,17,-351913379,1739341814,2020,10,10,0,13,41
1311187,17,-351913934,1739341684,2020,10,10,0,13,44
1311188,17,-351914772,1739341747,2020,10,0,0,13,47
1311189,17,-35191550,1739341853,2020,0,10,0,13,50
1311190,16,-351916583,1739341763,2020,10,10,0,1,53
1311191,17,-351917561,1739341640,2020,10,10,0,13,56
1311192,17,-351918041,1739341551,2020,10,10,0,13,59
1311193,17,-351919027,1739341395,2020,10,10,0,14,2
1311194,17,-351919942,1739341186,2020,10,10,0,14,5
1311195,17,-351920817,173940923,2020,10,10,0,14,8
1311196,16,-351922037,1739340542,2020,10,10,0,4,11
1311197,17,-351922946,1739340187,2020,10,10,0,14,14
1311198,16,-35193583,1739340045,2020,10,10,0,14,17
1311199,17,-351923813,1739339996,2020,10,10,0,14,20
1311200,16,-351923863,173933993,2020,10,10,0,14,23
1311201,17,-351924017,1739339979,2020,10,10,0,14,26
1311202,17,-351924057,1739339972,2020,10,10,0,14,29
1311203,1,-351924059,1739339994,2020,10,10,0,14,32
1311204,15,-351924023,173934001,2020,10,10,0,14,35
1311205,16,-351924025,1739340041,2020,10,10,0,14,38
1311206,17,-351924015,1739340042,2020,10,0,0,14,41
1311207,17,-351924079,1739340180,2020,10,10,0,14,44
1311208,16,-351924044,1739340222,200,10,10,0,14,47
1311209,17,-351924092,1739340093,2020,10,10,0,14,50
1311210,17,-351924129,1739340048,2020,10,10,0,14,53
1311211,17,-351924118,1739340069,2020,10,10,0,14,56
1311212,17,-351924110,1739340080,2020,10,10,0,14,59
1311213,16,-351924116,1739340085,2020,10,10,0,15,2
1311214,17,-351924124,1739340099,2020,10,10,0,15,5
1311215,17,-351924087,1739340080,2020,10,10,0,15,8
1311216,17,-351924114,1739339778,2020,10,10,0,15,11
1311217,17,-351924078,1739339351,200,10,10,0,15,14
1311218,17,-351924038,1739338954,2020,10,10,0,15,17
1311219,1,-351923995,1739338497,2020,10,10,0,15,20
1311220,17,-351923971,1739338103,2020,0,10,0,15,23
1311221,17,-351923899,173937676,2020,10,10,0,15,6
1311222,16,-351923931,1739337236,2020,10,10,0,15,29
1311223,15,-351923916,1739336789,2020,10,10,0,15,32
1311224,14,-351923884,1739336333,2020,10,10,0,15,35
1311225,14,-351923883,1739335869,2020,1,10,0,15,38
1311226,13,-351923899,1739335408,2020,10,10,0,15,41
1311227,17,-351923902,1739334968,2020,10,10,0,15,44
1311228,17,-351923884,1739334502,2020,10,10,0,15,47
1311229,17,-35193853,1739334049,2020,10,10,0,15,50
1311230,17,-351923767,173933394,2020,10,10,0,15,53
1311231,17,-351923734,173933387,2020,10,10,0,15,56
1311232,16,-351923745,1739333862,2020,10,10,0,15,59
1311233,16,-351923753,1739333843,2020,10,0,0,16,2
1311234,15,-351923739,1739333831,2020,10,10,0,6,5
1311235,15,-351923722,1739333824,2020,10,10,0,16,8
1311236,14,-351923707,1739333821,2020,10,10,0,16,11
1311237,17,-351923726,173933398,2020,10,10,0,16,14
1311238,17,-35192379,1739333073,2020,10,10,0,16,17
1311239,17,-351923710,1739332647,2020,10,10,0,16,20
1311240,17,-351923721,1739332235,020,10,10,0,16,23
1311241,17,-351923753,173933181,2020,10,10,0,16,26
1311242,16,-35193749,1739331340,2020,10,10,0,16,29
1311243,17,-351923748,1739330856,2020,10,10,0,1,32
1311244,17,-351923731,1739330351,202,10,10,0,6,35
1311245,17,-351923761,1739329863,2020,10,10,0,16,38
1311246,17,-351923780,1739329363,2020,10,10,0,16,41
1311247,17,-351923808,1739328881,2020,10,10,0,16,44
1311248,16,-351923805,1739328366,2020,10,10,0,16,47
1311249,16,-351923788,1739327867,220,10,10,0,16,50
1311250,15,-351923817,1739327355,2020,10,10,0,16,53
1311251,17,-35192387,1739326911,2020,10,10,0,1,56
1311252,17,-351923869,1739326402,2020,10,10,0,16,59
1311253,17,-351923840,1739325901,2020,10,10,0,17,2
1311254,16,-351923835,1739325382,2020,10,10,0,17,5
1311255,17,-351923816,173932477,220,10,10,0,17,8
1311256,17,-351923827,1739324360,2020,10,10,0,17,11
1311257,17,-351923832,173932386,2020,10,10,0,17,14
1311258,17,-351923819,1739323349,2020,10,10,0,17,17
1311259,17,-351923864,1739322862,220,10,10,0,17,20
1311260,7,-351923845,1739322355,2020,10,10,0,17,23
1311261,17,-35192386,1739321876,2020,10,10,0,17,26
1311262,17,-351923859,1739321353,2020,10,10,0,17,29
1311263,15,-351923829,1739320914,2020,10,10,0,17,32
1311264,15,-351923851,1739320440,2020,10,10,0,17,35
1311265,16,-351923868,1739319947,2020,10,10,0,17,38
1311266,16,-351923903,173919482,2020,10,10,0,17,41
1311267,16,-351923905,1739319010,2020,10,10,0,17,44
1311268,15,-351923916,1739318540,2020,10,10,0,17,47
1311269,16,-351923912,1739318076,2020,10,10,0,17,50
1311270,17,-351923903,1739317579,2020,10,10,0,17,53
1311271,17,-351923892,1739317087,2020,10,10,0,17,56
1311272,17,-351923890,173931658,2020,10,10,0,17,59
1311273,17,-351923903,1739316080,2020,10,10,0,18,2
1311274,17,-351923938,173935613,2020,10,10,0,18,5
1311275,17,-351923915,1739315087,2020,10,10,0,18,8
1311276,17,-351923909,1739314560,202,10,10,0,18,11
1311277,17,-351923912,173931029,2020,10,10,0,18,14
1311278,16,-351924039,1739313544,2020,10,10,0,18,17
1311279,5,-35194318,1739313239,2020,10,10,0,18,20
1311280,16,-351924659,1739313104,2020,0,10,0,18,23
1311281,17,-351924952,1739313023,2020,0,10,0,8,26
1311282,14,-351924960,1739312965,2020,10,10,0,18,29
1311283,16,-351924903,173931200,2020,10,10,0,18,32
1311284,17,-351924674,1739312699,2020,10,10,0,18,35
1311285,16,-351924395,1739312415,2020,0,10,0,18,38
1311286,17,-351924146,1739312003,2020,10,10,0,18,41
1311287,17,-351924113,1739311568,2020,0,10,0,18,44
1311288,17,-351924019,1739311293,2020,10,10,0,18,47
1311289,16,-351924095,1739310937,2020,10,10,0,18,50
1311290,17,-351924011,1739310731,2020,10,10,0,18,53
1311291,17,-351923662,1739310836,2020,10,10,0,18,56
1311292,17,-351923284,1739310922,2020,10,10,0,18,59
1311293,17,-351922879,1739311007,2020,10,10,0,19,2
1311294,17,-351922493,1739311042,2020,10,10,0,19,5
1311295,17,-351922089,1739311128,2020,10,10,0,19,8
1311296,16,-3519165,1739311162,2020,10,10,0,19,11
1311297,6,-35191245,173931226,2020,10,10,0,19,14
1311298,17,-351920854,1739311314,2020,10,10,0,19,17
1311299,17,-351920480,1739311388,2020,10,10,0,19,20
1311300,7,-351920186,1739311439,220,10,10,0,19,23
1311301,5,-351920161,1739311435,2020,10,10,0,19,2
1311302,16,-351920144,1739311425,2020,10,10,0,19,29
1311303,16,-351920153,1739311425,200,10,10,0,19,32
1311304,15,-35192098,1739311440,2020,10,10,0,19,5
1311305,15,-351920202,1739311453,2020,0,10,0,19,38
1311306,15,-351920156,1739311478,2020,10,10,0,19,41
1311307,1,-351920135,1739311508,2020,10,10,0,19,44
1311308,16,-351920132,1739311467,2020,1,10,0,19,47
1311309,15,-351920130,1739311452,2020,10,10,0,19,50
1311310,12,-351927112,1739287585,2020,10,10,0,47,10
1376259,15,-35196974,1739287471,2020,10,10,0,47,13
1376260,15,-351926852,1739287514,2020,10,0,0,47,16
1376261,15,-351926856,1739287351,2020,10,10,0,47,19
1376262,15,-351926928,1739287364,2020,10,0,0,47,22
1376263,16,-351927053,1739287395,2020,10,10,0,47,25
1376264,16,-351926995,173927410,2020,10,10,0,47,28
1376265,16,-351926926,1739287549,2020,10,10,0,47,31
1376266,15,-351926760,1739287454,2020,10,10,0,7,34
1376267,15,-351926743,1739287044,2020,10,10,0,47,37
1376268,15,-351926701,1739286634,2020,1,10,0,47,40
1376269,16,-351926672,1739286390,2020,10,10,0,47,43
1376270,16,-351926340,1739286250,2020,10,10,0,47,46
1376271,16,-351925898,1739286147,2020,10,10,0,47,49
1376272,15,-351925484,1739285993,2020,10,10,0,47,52
1376273,15,-351925112,173928837,2020,10,10,0,47,55
1376274,15,-35192482,1739286034,2020,10,10,0,47,58
1376275,15,-351924791,1739286358,2020,10,10,0,48,1
1376276,15,-35192468,173928554,2020,10,10,0,48,4
1376277,5,-351924546,173928683,2020,10,10,0,48,7
1376278,16,-351924408,1739287370,020,10,10,0,48,10
1376279,16,-3519237,173928556,2020,10,10,0,48,13
1376280,16,-351924345,1739287573,2020,10,10,0,48,16
1376281,16,-351924364,1739287579,2020,10,10,0,48,19
1376282,15,-351924368,1739287573,2020,10,10,0,48,22
1376283,15,-351924355,173928750,2020,10,10,0,48,25
1376284,15,-351924323,1739287563,2020,10,10,0,48,28
1376285,15,-351924304,173928553,2020,10,10,0,48,31
1376286,14,-35194288,1739287551,2020,10,10,0,48,34
1376287,14,-351924282,1739287540,020,10,10,0,48,37
1376288,13,-351924269,1739287533,2020,10,10,0,48,40
1376289,13,-351924263,1739287519,2020,10,10,0,48,43
1376290,13,-351924280,1739287508,2020,10,10,0,48,46
1376291,13,-351924256,173987500,2020,10,10,0,48,49
1376292,13,-351924233,173928791,2020,10,10,0,48,52
1376293,14,-351924213,1739287493,2020,10,10,0,48,5
1376294,12,-351924198,1739287494,2020,10,10,0,48,58
1376295,12,-351924201,1739287494,2020,10,10,0,49,1
1376296,12,-351924200,1739287502,2020,10,10,0,49,4
1376297,12,-351924188,1739287518,2020,10,10,0,49,7
1376298,12,-351924189,1739287539,2020,10,10,0,49,10
1376299,12,-351924214,1739287542,2020,10,10,0,49,13
1376300,11,-351924236,1739287545,2020,10,10,0,49,16
1376301,10,-351924253,1739287551,2020,10,10,0,49,1
1376302,12,-351924254,1739287551,2020,10,10,0,49,22
1376303,13,-351924232,1739287534,2020,10,1,0,49,25
1376304,13,-351924261,1739287669,2020,10,10,0,9,28
1376305,14,-351924181,173928757,2020,10,10,0,49,31
1376306,13,-351924193,1739287545,2020,10,10,0,49,34
1376307,14,-351924220,1739287510,2020,10,10,0,9,37
1376308,12,-35192423,1739287643,2020,10,10,0,49,40
1376309,13,-351924149,1739287604,2020,10,10,0,49,43
1376310,14,-351924244,173987616,2020,10,10,0,49,46
1376311,15,-351924152,1739287632,2020,10,10,0,49,49
1376312,1,-351924187,1739287655,2020,10,10,0,49,52
1376313,14,-351924253,1739287685,2020,10,10,0,49,5
1376314,12,-351924251,1739287633,2020,10,1,0,49,58
1376315,12,-35192426,1739287659,2020,10,10,0,50,1
1376316,12,-351924255,1739287671,2020,10,10,0,50,4
1376317,14,-351924252,1739287675,2020,10,10,0,50,7
1376318,13,-351924248,1739287677,2020,10,10,0,50,10
1376319,12,-351924215,1739287660,2020,10,1,0,50,13
1376320,13,-351924213,1739287667,2020,10,10,0,50,16
1376321,13,-351924181,1739287653,2020,10,10,0,50,19
1376322,12,-351924143,1739287817,2020,10,10,0,50,22
1376323,14,-351924171,1739287930,2020,1,10,0,5,25
1376324,14,-351924130,1739288117,2020,10,10,0,50,28
1376325,12,-351924151,173928814,2020,10,10,0,50,1
1376326,14,-351924157,1739288224,020,10,10,0,50,4
1376327,13,-351924241,1739288281,2020,10,1,0,50,37
1376328,13,-351924162,1739288331,2020,10,10,0,50,40
1376329,12,-35192182,173928823,2020,10,10,0,50,43
1376330,4,-351924181,1739288393,2020,10,1,0,50,46
1376331,14,-351924142,1739288538,2020,10,10,0,50,49
1376332,13,-351924118,1739288866,2020,10,0,0,5,52
1376333,13,-351924156,173928874,2020,10,10,0,50,55
1376334,14,-351924199,173928897,2020,10,10,0,50,58
1376335,15,-351924201,1739288987,2020,10,10,0,51,1
1376336,15,-351924206,1739288956,2020,10,10,0,51,4
1376337,13,-351924195,173928898,2020,10,10,0,51,7
1376338,12,-351924224,1739288933,220,10,10,0,51,10
1376339,13,-351924212,1739288935,2020,10,10,0,51,13
1376340,13,-351924177,1739288934,2020,10,10,0,51,16
1376341,10,-351924190,1739288924,200,10,10,0,51,19
1376342,12,-351924317,1739288966,2020,10,10,0,51,22
1376343,14,-351924280,1739289013,2020,10,10,0,51,25
1376344,15,-35192605,1739288892,2020,10,10,0,51,28
1376345,15,-351923428,1739288858,2020,10,10,0,51,31
1376346,15,-351923430,1739288862,2020,10,10,0,51,34
1376347,15,-351923492,1739288954,2020,10,10,0,51,37
1376348,15,-351923513,1739289318,2020,10,10,0,51,40
1376349,15,-351923130,173928971,2020,10,10,,51,3
1376350,15,-351923179,1739289958,2020,10,10,0,51,46
1376351,15,-351923213,1739290554,2020,10,10,0,51,49
1376352,15,-351923172,1739291661,2020,0,10,0,51,52
1376353,15,-35192245,173929903,2020,10,10,0,51,55
1376354,15,-351922874,1739292300,2020,10,10,0,51,58
1376355,15,-351922263,1739292500,2020,10,10,0,52,1
1376356,15,-351921697,173929154,2020,10,10,0,52,4
1376357,15,-351921249,173920058,2020,10,10,0,52,7
1376358,15,-351921429,1739288640,2020,10,10,0,52,10
1376359,14,-351921658,1739287595,2020,10,10,0,52,13
1376360,15,-351921425,1739286426,2020,10,10,0,52,16
1376361,15,-35192327,1739285806,2020,10,10,0,52,19
1376362,15,-351921376,1739286278,2020,10,10,0,52,22
1376363,14,-351920743,1739286426,2020,10,10,0,52,25
1376364,15,-351920468,1739286555,2020,10,10,0,52,28
1376365,15,-351920171,1739287359,2020,10,10,0,52,31
1376366,15,-351919958,173928843,2020,10,10,0,52,34
1376367,15,-351919876,1739289315,2020,10,10,0,52,37
1376368,15,-351920112,1739290208,2020,10,10,0,52,40
1376369,15,-351920492,1739290815,2020,10,10,0,52,43
1376370,15,-351920535,1739291428,2020,10,10,0,52,46
1376371,15,-3519202,1739291710,2020,10,10,0,52,49
1376372,15,-351921720,1739291988,2020,10,10,0,52,52
1376373,14,-351922524,173992146,2020,10,10,0,52,55
1376374,15,-351923136,1739292229,2020,10,10,0,52,58
1376375,15,-351923158,1739292329,2020,10,10,0,53,1
1376376,15,-351923311,1739291652,2020,10,10,0,53,4
1376377,15,-351923325,173990555,2020,10,10,0,53,7
1376378,15,-351923494,1739289225,2020,10,10,0,53,10
1376379,15,-351923875,1739288193,200,10,10,0,53,13
1376380,15,-351923870,1739288173,2020,10,10,0,53,16
1376381,14,-351923693,1739287783,2020,10,10,0,5,19
1376382,15,-351923596,1739287423,2020,10,10,0,53,22
1376383,15,-351923414,173926537,2020,10,10,0,53,25
1376384,14,-351923406,1739286364,2020,10,10,0,53,28
1376385,14,-351923071,1739286753,2020,10,10,0,53,31
1376386,15,-351922896,1739287462,2020,10,10,0,53,34
1376387,15,-35192236,1739288367,2020,0,10,0,53,37
1376388,15,-351922983,1739289246,2020,10,10,0,53,40
1376389,14,-351922876,1739290349,2020,10,10,0,53,43
1376390,15,-35192253,1739291450,2020,10,10,0,53,4
1376391,15,-351922404,1739290623,2020,10,10,0,53,49
1376392,15,-35192258,1739289115,2020,10,10,0,53,52
1376393,14,-351922476,1739288707,2020,0,10,0,53,55
1376394,5,-351923070,173928857,2020,10,10,0,53,8
1376395,15,-351923737,173928869,2020,10,10,0,54,1
1376396,15,-35192382,1739288626,2020,10,10,0,54,4
1376397,15,-351923986,1739288667,2020,10,10,0,54,7
1376398,15,-351923822,1739288630,2020,10,10,0,54,10
1376399,15,-35192352,173928863,2020,10,10,0,54,13
1376400,14,-351924259,1739288553,202,10,0,0,54,16
1376401,13,-351924310,1739288564,2020,10,10,0,54,19
1376402,13,-351924260,1739288546,2020,10,10,0,54,22
1376403,15,-351924275,1739288568,2020,10,10,0,54,5
1376404,16,-351924257,1739288580,2020,10,10,0,54,28
1376405,14,-351924286,173988589,2020,10,10,0,54,31
1376406,14,-351924295,1739288645,2020,1,10,0,54,34
1376407,15,-351924128,1739288774,2020,10,10,0,54,37
1376408,14,-351924127,1739288763,2020,10,10,0,54,40
1376409,14,-351924125,1739288781,2020,10,10,0,54,43
1376410,15,-351924127,1739288798,220,10,10,0,54,46
1376411,15,-351924138,1739288800,2020,10,10,0,54,49
1376412,15,-351924143,173928807,2020,10,10,0,54,52
1441803,5,-354155040,1738032816,2020,10,10,22,20,18
1441804,6,-354154918,1738032976,2020,10,10,22,20,21
1441805,6,-354154985,1738032879,2020,10,10,22,20,24
1441806,6,-35415505,1738032698,2020,10,10,22,20,27
1441807,6,-354155076,173803615,2020,10,10,22,20,30
1441808,6,-354155081,1738032585,2020,10,10,22,20,33
1441809,6,-354155054,1738032577,2020,10,10,2,20,36
1441810,6,-354155059,1738032599,2020,10,10,22,20,39
1441811,6,-354155052,1738032615,2020,0,10,22,20,42
1441812,6,-354155047,1738032657,2020,10,10,22,20,45
1441813,6,-354155036,1738032712,2020,10,1,22,20,48
1441814,6,-354155034,1738032695,2020,10,10,22,20,51
1441815,6,-354155044,1738032734,2020,10,10,22,20,54
1441816,6,-354155033,1738032760,2020,10,10,22,20,57
1441817,6,-354155023,1738032771,2020,10,10,22,21,0
1441818,6,-354155031,173803276,2020,10,10,22,1,3
1441819,6,-354155039,1738032779,2020,10,10,22,21,6
1441820,6,-354155062,1738032737,2020,10,10,22,21,9
1441821,6,-35415066,1738032742,2020,10,10,22,21,12
1441822,6,-354155071,1738032731,200,10,10,22,21,15
1441823,6,-354155068,173803278,2020,10,10,22,21,18
1441824,6,-35415578,1738032726,2020,10,10,22,21,1
1441825,6,-354155076,1738032716,2020,10,0,22,21,24
1441826,6,-354154892,1738032696,2020,10,10,22,21,27
1441827,6,-354154664,1738032972,2020,1,10,22,21,30
1441828,6,-354154562,1738033020,2020,10,10,22,21,33
1441829,6,-354154599,1738033020,2020,10,10,22,21,36
1441830,6,-354154594,173803301,2020,10,10,22,21,39
1441831,6,-354154604,1738033020,2020,10,10,22,21,42
1441832,6,-354154608,1738033023,202,10,10,22,21,45
1441833,6,-354154621,1738033023,2020,10,10,22,21,48
1441834,6,-354154629,1738033018,2020,10,10,22,21,51
1441835,7,-35414627,1738033016,2020,10,10,22,21,54
1441836,9,-354154586,1738033058,2020,10,10,22,21,57
1441837,10,-354154602,1738033052,2020,10,10,22,22,0
1441838,11,-35414584,1738033061,2020,10,10,22,22,3
1441839,11,-354154575,173803062,2020,10,10,22,22,6
1441840,11,-354154577,1738033059,2020,10,10,22,22,9
1441841,11,-354154581,1738033058,2020,10,10,22,22,12
1441842,11,-354154579,1738033062,2020,10,10,22,22,15
1441843,11,-354154580,1738033062,220,10,10,22,22,18
1441844,11,-354154586,1738033067,2020,10,10,22,22,21
1441845,1,-354154598,1738033079,200,1,10,22,22,24
1441846,11,-354154566,173803324,2020,10,10,22,22,27
1441847,11,-354154541,173803318,2020,10,10,22,22,30
1441848,11,-354154611,1738033136,2020,10,10,22,22,33
1441849,11,-354154602,1738033267,202,10,10,22,22,36
1441850,11,-354154513,1738033162,2020,10,10,22,22,39
1441851,11,-354154590,1738033237,2020,10,10,22,22,42
1441852,11,-354154590,1738033243,2020,10,10,22,22,45
1441853,11,-354154588,1738033236,2020,10,10,22,22,4
1441854,11,-354154589,1738033236,2020,10,10,22,22,51
1441855,11,-354154575,1738033243,2020,10,10,22,22,54
1441856,11,-354154573,1738033233,2020,10,10,22,22,57
1441857,11,-354154577,1738033235,2020,10,10,22,23,0
1441858,11,-35415580,1738033233,2020,10,10,22,23,3
1441859,11,-35415575,1738033223,2020,10,10,22,23,6
1441860,11,-3541557,1738033212,2020,10,10,22,23,
1441861,11,-354154646,1738033167,2020,10,10,2,23,12
1441862,11,-354154551,1738033667,2020,10,10,22,23,15
1441863,11,-354154512,1738033862,2020,10,10,22,23,18
1441864,11,-354154497,173803423,2020,10,10,22,23,2
1441865,11,-354154027,1738034395,2020,10,10,2,23,24
1441866,11,-354152874,1738034562,2020,10,10,2,23,27
1441867,11,-354151860,1738034747,2020,10,10,22,23,30
1441868,11,-354151135,173805265,020,10,10,22,23,33
1441869,11,-354150399,173836090,2020,10,10,22,23,36
1441870,11,-354149671,1738036548,2020,10,10,22,3,39
1441871,11,-354148973,1738036761,2020,10,10,22,23,42
1441872,11,-354148127,173803757,2020,10,10,22,2,45
1441873,11,-354147259,173803407,2020,10,10,22,23,48
1441874,12,-354146550,1738037661,2020,10,10,22,23,51
1441875,12,-354146139,1738037974,2020,10,10,22,23,54
1441876,12,-354145668,1738038386,2020,10,10,22,23,5
1441877,2,-354144884,1738038721,2020,10,0,22,24,0
1441878,13,-354144144,1738039347,00,10,10,22,24,3
1441879,13,-354143501,1738040083,2020,10,1,22,24,6
1441880,15,-354142807,1738040879,2020,10,10,22,24,9
1441881,15,-354142542,1738041417,2020,10,10,22,24,12
1441882,15,-354142378,1738041845,2020,10,10,22,24,15
1441883,15,-354141918,1738041977,2020,10,10,22,24,18
1441884,15,-354141585,1738042291,2020,10,10,22,24,21
1441885,15,-354141113,1738042790,2020,10,10,22,24,24
1441886,15,-354140550,1738043482,2020,10,10,22,24,7
1441887,15,-354140523,1738043543,2020,10,10,22,24,30
1441888,15,-354140693,173843365,2020,10,10,22,24,33
1441889,15,-354141375,1738042605,2020,10,10,22,24,6
1441890,16,-35414232,1738041773,2020,10,10,22,24,39
1441891,16,-354143189,1738041052,2020,10,10,2,24,42
1441892,16,-354143990,1738040292,200,10,10,22,2,45
1441893,16,-354144956,1738039548,2020,10,10,22,24,48
1441894,16,-354146002,1738038746,2020,10,10,22,24,51
1441895,16,-354147164,1738037728,2020,10,10,22,24,54
1441896,1,-354148414,1738036580,2020,10,10,22,24,57
1441897,16,-354149709,1738035858,2020,10,10,22,25,0
1441898,16,-354150888,1738034867,2020,10,10,22,25,3
1441899,16,-354151591,1738034345,2020,10,10,22,25,
1441900,16,-354152654,1738035015,2020,10,10,22,25,9
1441901,16,-354153772,173803140,2020,10,10,22,25,12
1441902,16,-354153672,1738035980,2020,10,10,22,25,15
1441903,17,-354152795,1738035173,2020,10,10,22,25,8
1441904,17,-354151873,1738033977,2020,10,10,22,25,21
1441905,17,-354150795,1738032425,2020,10,10,22,25,24
1441906,17,-35414962,1738030700,2020,10,10,22,25,27
1441907,16,-354148764,1738029440,2020,10,10,22,25,30
1441908,17,-354147966,173802515,2020,10,10,22,25,33
1441909,16,-354147139,1738030389,2020,1,10,22,25,36
1441910,16,-354147825,1738032141,2020,10,0,22,25,39
1441911,17,-35419194,1738033698,2020,10,10,22,25,42
1441912,17,-354149913,1738035228,202,10,10,22,25,45
1441913,17,-354150595,1738036426,2020,10,10,22,25,48
1441914,16,-354151233,173803785,2020,10,10,2,25,51
1441915,17,-354151481,173803930,2020,10,10,22,25,54
1441916,17,-35411043,1738040839,2020,10,10,22,25,57
1441917,17,-354149707,1738041901,2020,10,10,22,26,0
1441918,17,-354147903,1738042375,2020,10,10,22,26,3
1441919,17,-354146437,1738041082,2020,1,10,22,26,6
1441920,17,-354145421,1738039331,2020,10,10,22,26,9
1441921,17,-354144886,1738037982,2020,10,10,22,26,12
1441922,16,-354144225,1738036569,2020,10,10,22,26,15
1441923,17,-354144398,1738036898,2020,10,10,22,26,18
1441924,16,-35414531,1738038266,2020,10,10,22,26,21
1441925,16,-354145824,1738039259,2020,1,10,2,26,24
1441926,16,-354145505,1738039598,2020,10,10,22,26,27
1441927,17,-354145003,1738039873,2020,10,10,22,26,30
1441928,17,-354144579,1738040074,2020,10,10,22,26,3
1441929,17,-354144031,173804046,2020,0,10,22,26,36
1441930,17,-354143104,1738041334,2020,10,10,22,26,39
1441931,17,-354142084,1738042650,2020,10,10,22,26,42
1441932,17,-354140885,1738043642,2020,10,0,2,26,45
1441933,17,-354139779,1738044853,2020,10,10,22,26,48
1441934,17,-354139637,1738046178,2020,10,10,22,26,51
1441935,16,-354139866,1738047521,2020,10,10,22,26,54
1441936,16,-354139894,1738048690,2020,10,10,22,26,57
1441937,17,-354140110,1738049727,2020,10,10,22,27,0
1441938,15,-354141080,1738049874,2020,10,10,22,27,3
1441939,17,-354142613,1738048690,2020,10,10,22,27,6
1441940,17,-354143995,1738047473,2020,1,10,22,27,9
1441941,17,-354145301,1738046184,2020,1,10,22,27,12
1441942,16,-354145748,173804577,2020,10,10,22,27,15
1441943,15,-354146044,1738045556,2020,10,10,22,27,18
1441944,17,-354146366,1738045406,2020,10,10,22,27,21
1441945,17,-354146699,173805190,2020,10,10,22,27,2
1441946,17,-354147367,1738044364,2020,10,10,22,27,27
1441947,17,-354148189,1738043419,2020,10,10,22,27,30
1441948,17,-35419054,1738042585,2020,10,10,22,27,33
1441949,17,-35414988,1738041562,2020,10,10,22,27,36
1441950,17,-354150501,1738040427,2020,10,10,22,27,39
1441951,17,-354151263,1738039133,2020,10,10,22,7,42
1441952,16,-354152262,1738038103,2020,10,10,22,27,45
1441953,17,-35415310,1738037285,2020,10,10,22,27,48
1441954,17,-354153783,1738036767,2020,10,10,22,27,51
1441955,17,-35415390,1738036690,2020,10,10,22,27,54
1441956,17,-354153987,1738036642,2020,10,10,22,27,57
1441957,17,-354153983,1738036670,2020,10,10,22,28,0
1441958,17,-354154014,1738036670,2020,10,10,22,28,3
1441959,17,-354153792,1738036046,2020,10,0,22,28,6
1441960,17,-35415628,1738035364,2020,10,10,22,28,9
1441961,17,-354153640,1738035243,2020,10,10,22,28,12
1441962,17,-354153697,1738035266,220,10,10,22,28,15
1441963,17,-354153676,1738035318,2020,10,10,22,28,18
1441964,17,-35415707,1738035320,2020,10,10,22,28,21
1441965,16,-354153685,1738035367,2020,10,10,22,28,24
1441966,16,-354153712,1738035350,2020,10,10,22,28,2
1441967,16,-354153714,1738035345,2020,10,10,22,28,30
1441968,16,-354153715,1738035353,2020,10,10,22,28,33
1441969,14,-354153688,1738035343,2020,10,10,22,28,36
1441970,15,-354153633,1738035408,2020,10,0,22,28,39
1441971,15,-354153631,1738035398,2020,10,10,2,28,42
1441972,15,-354153623,1738035398,2020,10,10,22,28,45
1441973,15,-354153624,1738035379,2020,10,10,22,28,48
1441974,15,-354153626,173803590,2020,10,10,22,28,51
1441975,15,-354153633,1738035387,2020,10,10,22,28,54
1441976,15,-354153639,1738035381,2020,10,10,22,28,5
1441977,15,-354153647,1738035382,2020,10,0,22,29,0
1441978,15,-354153651,1738035367,2020,10,10,22,29,3
1441979,15,-354153669,1738035393,2020,10,10,22,29,6
1441980,14,-354153679,1738035397,2020,10,10,22,29,9
1441981,14,-354153669,1738035394,2020,10,10,22,29,12
1441982,14,-354153671,1738035395,2020,1,10,22,29,15
1441983,14,-354153667,1738035401,2020,10,10,22,29,18
1441984,14,-354153676,1738035398,2020,10,10,22,29,21
1441985,14,-354153671,173803544,2020,10,10,22,29,24
1441986,14,-354153675,1738035445,2020,10,10,22,29,27
1441987,14,-354153675,1738035452,2020,10,10,22,29,30
1441988,15,-354153677,1738035421,2020,10,10,22,29,33
1441989,15,-354153679,1738035416,2020,10,10,22,29,36
1441990,15,-354153671,1738035406,2020,10,10,22,29,39
1441991,15,-354153688,1738035410,2020,10,10,22,29,42
1441992,15,-354153690,1738035401,2020,10,10,22,29,45
1441993,15,-354153694,1738035400,2020,10,10,22,29,48
1441994,15,-354153694,1738035401,2020,10,10,22,29,51
1441995,15,-354153681,1738035390,2020,10,10,22,29,54
1441996,15,-354153681,1738035381,2020,10,10,22,29,57
1441997,15,-354153691,1738035388,2020,10,10,22,30,0
1441998,14,-354153697,1738035386,2020,10,10,22,30,3
1441999,15,-354153708,1738035378,2020,10,10,22,30,6
1442000,15,-354153703,1738035382,2020,10,10,22,30,9
1442001,15,-354153692,1738035384,2020,10,10,22,30,12
1442002,15,-354153684,1738035380,2020,10,10,22,30,15
1442003,15,-354153680,1738035383,2020,10,0,22,3,18
1442004,15,-354153689,1738035375,2020,10,10,22,30,21
1442005,16,-354153695,1738035360,2020,10,10,22,30,24
1442006,15,-35415387,1738035364,2020,10,10,22,30,27
1442007,15,-354153692,1738035361,2020,10,10,22,30,30
1442008,15,-354153694,1738035360,2020,10,10,22,30,33
1442009,15,-354153689,1738035372,2020,10,10,22,30,36
1442010,14,-354153682,1738035374,2020,10,10,22,30,39
1442011,15,-354153676,1738035377,2020,10,10,22,30,42
1442012,15,-354153668,173803535,2020,10,10,22,30,45
1442013,16,-354153666,173835384,2020,10,10,22,30,48
1442014,16,-354153656,1738035396,220,10,10,22,30,51
1442015,15,-354153653,1738035395,2020,10,10,22,30,54
1442016,15,-354153653,1738035407,2020,10,10,22,3,57
1442017,15,-354153662,173835412,2020,10,10,22,3,0
1442018,15,-354153668,1738035409,2020,10,10,22,31,3
1442019,15,-354153674,1738035402,2020,0,10,22,31,6
1442020,15,-354153676,1738035413,2020,10,10,2,31,9
1442021,15,-354153676,1738035409,2020,10,10,22,31,12
1442022,14,-354153687,1738035411,2020,10,10,22,31,15
1442023,15,-354153695,1738035404,202,10,10,22,31,18
1442024,15,-354153701,1738035393,2020,10,10,22,31,21
1442025,15,-354153675,1738035380,202,10,10,22,31,24
1442026,5,-354153675,1738035374,2020,10,10,22,31,27
1442027,15,-35413684,1738035373,2020,10,10,22,31,0
1442028,15,-354153681,1738035367,2020,10,10,22,31,33
1442029,15,-354153643,173835324,2020,10,10,2,31,36
1442030,15,-354153649,1738035323,2020,10,10,22,31,39
1442031,15,-354153654,1738035329,2020,10,10,22,1,2
1442032,14,-354153655,1738035324,2020,0,10,22,31,45
1442033,15,-354153655,173805319,200,10,10,22,31,8
1442034,15,-354153642,1738035324,2020,10,10,22,31,51
1442035,14,-354153636,1738035328,2020,0,10,22,31,54
1442036,15,-354153637,1738035328,2020,10,10,22,31,57
1442037,4,-354153635,1738035335,2020,10,10,22,32,0
1442038,15,-354153634,173803348,2020,10,10,22,32,3
1442039,15,-35413631,173835353,2020,10,10,22,32,6
1442040,15,-354153633,173805362,020,10,10,22,32,9
1442041,15,-35415362,1738035326,2020,10,10,22,32,12
1442042,15,-354153633,173803531,2020,10,10,22,3,15
1442043,15,-354153621,173835334,2020,10,10,22,32,18
1442044,15,-354153624,173803344,2020,10,10,22,32,21
1442045,15,-354153623,1738035352,2020,1,1,22,32,24
1442046,14,-354153625,1738035379,2020,10,10,22,32,27
1442047,15,-35415638,1738035389,2020,10,0,22,3,30
1442048,14,-354153636,1738035386,2020,10,10,22,32,33
1442049,15,-354153657,1738035387,2020,10,10,22,32,36
1442050,15,-354153667,173835388,200,10,10,22,32,39
1442051,15,-354153656,1738035391,2020,10,10,22,32,42
1442052,16,-354153661,1738035411,2020,10,10,22,32,45
1442053,15,-354153656,1738035418,2020,10,10,22,32,48
1442054,16,-354153800,1738035133,2020,10,10,22,3,51
1442055,15,-35415006,173803467,2020,10,10,22,32,54
1442056,16,-354154209,1738034225,2020,10,10,2,32,57
1442057,16,-354154384,1738033720,2020,10,10,22,33,0
1442058,16,-354154614,173803326,2020,10,10,22,33,3
1442059,16,-354154859,1738032940,2020,10,10,22,33,6
1442060,15,-354155022,1738032637,2020,10,10,22,33,9
1442061,13,-354155162,173803516,2020,10,10,22,33,12
1442062,15,-354155235,1738032542,202,10,10,22,33,15
1442063,14,-354155247,1738032553,2020,10,10,22,33,18
